{
  "gw30": {
    "timestamp": "2025-03-19T11:00:18.584634",
    "sentiment_scores": {
      "Ranks": 0.9895833333333334,
      "Future": 1.0104166666666667,
      "GW": 1.0505127423962328,
      "Plan": 1.0462871994248035,
      "My": 1.0549778935625125,
      "FPL": 1.048842900709709,
      "Fantasy": 1.052839843221838,
      "Waiting": 1.075,
      "Previous": 0.9895833333333334,
      "League Tips": 1.04484375,
      "Cup": 1.0521786410233285,
      "Tips": 1.0521155088863683,
      "Fa": 1.06221717750999,
      "League": 1.0541365249017558,
      "IDEAS": 1.075,
      "Premier": 1.0555122116689282,
      "Future Plan": 1.0104166666666667,
      "Fa Cup": 1.0670868241728508,
      "FIRST": 1.0580923141008296,
      "Fantasy Premier": 1.0474478390461996,
      "Fernandes": 0.970462962962963,
      "On Fire": 1.09375,
      "Bruno Fernandes": 1.016875,
      "Fire": 1.09375,
      "On": 1.078125,
      "First Look": 1.06375,
      "Bruno": 1.061017261904762,
      "Look": 1.06375,
      "GOAT": 1.03,
      "Early": 1.033766498605561,
      "Top": 1.1135297115115754,
      "Get": 1.0453432991295286,
      "TRANSFER": 1.0633693566403835,
      "OFF": 1.0248424345265703,
      "In": 1.0436244165069979,
      "Football": 1.09,
      "PLANS": 1.01875,
      "Raptor": 1.0403197000221849,
      "GAMEWEEK": 1.0211501697719771,
      "Hub": 1.1,
      "Fantasy Football": 1.09,
      "THOUGHTS": 1.01875,
      "RaptorYT": 1.04,
      "KdzJ": 1.045,
      "Sleeper": 1.04,
      "Join": 1.0462121212121211,
      "Kdz": 1.045,
      "Day Free": 1.12,
      "KNEEJERK": 1.0,
      "Sleeper Pick": 1.06,
      "Em": 1.0267634886083519,
      "Trial": 1.12,
      "Day": 1.0809206202282566,
      "MISERY": 1.0,
      "BLANK": 1.0059187972856727,
      "Free": 1.0687208591440545,
      "Pick": 1.046788466823997,
      "LTFPLPickEm": 1.04,
      "Nacho": 1.01875,
      "Hibbo": 1.01875,
      "QUIZ": 1.0,
      "StatsBomb": 1.01875,
      "Bomb": 1.01875,
      "SCOUTCAST": 1.0,
      "Stats": 1.01875,
      "THE": 1.0439306298276887,
      "Andy": 1.075,
      "BIG": 1.0,
      "James": 1.0428071901069376,
      "Following Newcastle": 1.0,
      "Over": 1.0,
      "Drought": 1.0,
      "Carabao Cup": 1.0,
      "Carabao": 1.0,
      "Is Over": 1.0,
      "Is": 1.0310569381598793,
      "View": 1.0146666666666666,
      "Final": 1.0160103481778984,
      "Planet": 1.0664090909090909,
      "The Fan": 1.0,
      "Trophy": 1.0086780423280424,
      "Simon": 1.0,
      "United": 1.0,
      "Simon Bibby": 1.0,
      "Trophy Drought": 1.0,
      "Newcastle": 1.0081481481481482,
      "Fan": 1.0,
      "Following": 1.0,
      "Bibby": 1.0,
      "NottinghamForest": 1.05,
      "Elanga": 1.0,
      "Chris Wood": 1.0,
      "May": 1.0,
      "Forest": 1.05,
      "AGAIN": 1.0,
      "Wood": 1.0,
      "Chris": 1.0,
      "Nottingham": 1.05,
      "BEST": 1.225375,
      "Arteta": 1.3,
      "Attacking Team": 1.3,
      "Team": 1.0390755406317063,
      "Attacking": 1.3,
      "Premier League": 1.141,
      "Chelsea": 1.3,
      "ManUtd": 1.03,
      "Man": 1.0318181818181817,
      "EVER": 0.91,
      "HIT": 1.0528383413159472,
      "WORST": 0.91,
      "Utd": 1.03,
      "AT": 1.1208333333333333,
      "WIN": 1.196875,
      "SO": 1.1460714285714286,
      "FAR": 1.175625,
      "PLAYERS": 1.175625,
      "Scott": 1.1208333333333333,
      "Joe": 1.1359375,
      "Review": 1.07,
      "Quite": 1.12,
      "Blank Gameweek": 1.0085714285714287,
      "Ep.": 1.12,
      "Quite.": 1.12,
      "Free Hit": 1.07,
      "Something": 1.12,
      "Saturday": 1.090618686868687,
      "Suj": 1.0233889670935126,
      "Something Quite": 1.12,
      "Ep": 1.0976920634920635,
      "Things": 1.0795880681818182,
      "Welcome": 1.0795880681818182,
      "de Top": 1.15,
      "Reaction": 1.0931960227272728,
      "Sunday": 1.1242613636363636,
      "Sunday Reaction": 1.15,
      "Buttice": 1.0,
      "GIANNI": 1.0021190476190476,
      "Chai": 1.0021190476190476,
      "GianniButtice": 1.0,
      "Dylan": 1.0,
      "FPLChai": 1.0,
      "Stream": 1.0709558823529413,
      "Reaction Stream": 1.1242613636363636,
      "Haaland": 1.0442748590387627,
      "BGW": 1.1080357142857142,
      "Deadline Day": 1.1,
      "Deadline": 1.0438201542243892,
      "Deadline Stream": 1.0944545454545453,
      "AI": 1.15,
      "Batra": 1.0064285714285715,
      "POINT": 1.0107142857142857,
      "Team Reveal": 1.0375,
      "Jian": 1.0107142857142857,
      "Reveal": 1.0375,
      "Jian Batra": 1.0,
      "Team News": 1.0,
      "Prediction Prize": 1.105,
      "Mate": 1.0466239417430823,
      "FPLMatePickEm": 1.0525,
      "Transfers": 1.0474410923472455,
      "Full": 1.1082301973417208,
      "Final Transfers": 1.0,
      "News": 1.0305070664629488,
      "Prediction": 1.0525,
      "Prize": 1.0525,
      "Full Hub": 1.105,
      "SOLD": 0.9991296296296296,
      "SALAH": 1.0151786520668873,
      "Em Get": 1.0,
      "VE": 0.99906,
      "CITY": 1.0355422077922078,
      "LIVE": 1.0530065876152832,
      "In Partnership": 1.0511363636363635,
      "With": 1.0332116412998766,
      "The Planet": 1.0511363636363635,
      "Partnership": 1.0511363636363635,
      "Subscriber": 1.0,
      "Confirmed": 1.0954545454545455,
      "Transfer Confirmed": 1.0954545454545455,
      "L. With": 1.0,
      "Aston": 1.0,
      "Crystal": 1.0,
      "Without": 1.0151470588235294,
      "Harry": 1.0324579831932774,
      "Palace": 1.0,
      "Going": 1.0151470588235294,
      "Liverpool": 1.0,
      "Without Haaland": 1.0,
      "Villa": 1.0,
      "Crystal Palace": 1.0,
      "FPLHarry": 1.0,
      "Aston Villa": 1.0,
      "Harry Going": 1.0,
      "Hudson": 1.0,
      "Odoi": 1.0,
      "Wildcard": 1.0344206560965614,
      "Hudson-Odoi": 1.0,
      "Differentials": 1.15,
      "By": 1.15,
      "Fulham": 1.15,
      "Top Differentials": 1.15,
      "Wolves": 1.15,
      "By Position": 1.15,
      "Position": 1.15,
      "Prize League": 1.0,
      "DECISIONS": 1.035756110317911,
      "Try Fantasy": 1.0,
      "Try": 1.0,
      "Roundup": 1.076875,
      "League Prediction": 1.0,
      "Up": 1.0296796548359048,
      "Final Questions": 0.96875,
      "Sign": 0.9931218619343619,
      "Sign Up": 0.96875,
      "SELECTION": 1.019095146994818,
      "Questions": 0.96875,
      "Answering": 0.96875,
      "Check": 1.12,
      "CAPTAINCY": 1.0174875128154408,
      "TRENT": 1.0239612565625864,
      "Neale": 1.0885,
      "SELL": 1.0,
      "Including": 1.075,
      "S. Including": 1.075,
      "You": 1.0571681818181817,
      "Ask James": 1.0318181818181817,
      "March": 1.040909090909091,
      "Friday": 1.040909090909091,
      "Live Stream": 1.0318181818181817,
      "YouTube": 1.0136363636363637,
      "Tube": 1.0136363636363637,
      "Ask": 1.0318181818181817,
      "Want": 1.0136363636363637,
      "Friday March": 1.040909090909091,
      "AD": 1.039581207799293,
      "Sleeper Premier": 1.0,
      "OUT": 1.0254078979270624,
      "League Pick": 1.0,
      "Please": 1.178125,
      "Team Selection": 1.05625,
      "UK": 1.0,
      "Final Decisions": 1.0632326388888889,
      "GUIDE": 1.15,
      "CHIP": 1.1034950359595825,
      "TEAMS": 1.133523141399417,
      "TrophyFPL": 1.0,
      "PRAS": 1.0195255952380953,
      "SELECTIONS": 1.0,
      "MO": 1.0312409523809523,
      "DILEMMAS": 1.0,
      "Box": 1.0,
      "Mark": 1.0356367521367522,
      "It": 1.0458186813186814,
      "Knock": 1.0,
      "Black": 1.0,
      "Join Az": 1.0,
      "Az": 1.0304002719502718,
      "BlackBox": 1.0,
      "Transfers Made": 1.0,
      "Hub Access": 1.135,
      "Access": 1.135,
      "Squad": 1.0,
      "Dan": 1.071700845750232,
      "Captain": 1.026207565732259,
      "Made": 1.0203836622362012,
      "Suggested": 1.06,
      "Isak": 1.0,
      "Bowen": 1.06,
      "ChrisWood": 1.0,
      "Suggested Wildcard": 1.0,
      "Suggested Free": 1.12,
      "SAM": 1.017060606060606,
      "Fs": 1.12,